YEAR,MONTH,hour_of_day,hour_label,streams,minutes_played
2014,7,0,12 AM,3,4.85
2014,7,3,3 AM,4,4.28
2014,7,4,4 AM,16,26.65
2014,7,5,5 AM,29,52.7
2014,7,6,6 AM,23,47.0
2014,7,7,7 AM,15,50.82
2014,7,11,11 AM,1,1.35
2015,2,0,12 AM,24,60.1
2015,2,1,1 AM,30,85.07
2015,2,2,2 AM,34,112.03
2015,2,3,3 AM,32,99.82
2015,2,4,4 AM,42,123.02
2015,2,5,5 AM,37,124.65
2015,2,6,6 AM,14,52.57
2015,2,7,7 AM,32,105.8
2015,2,8,8 AM,31,113.68
2015,2,9,9 AM,29,110.43
2015,2,10,10 AM,32,114.5
2015,2,11,11 AM,30,112.27
2015,2,12,12 PM,16,59.0
2015,2,13,1 PM,29,102.93
2015,2,14,2 PM,6,21.58
2015,2,15,3 PM,6,12.73
2015,2,16,4 PM,16,57.42
2015,2,17,5 PM,21,73.95
2015,2,18,6 PM,32,111.78
2015,2,19,7 PM,15,54.77
2015,2,20,8 PM,15,58.67
2015,2,21,9 PM,27,84.18
2015,2,22,10 PM,47,150.1
2015,2,23,11 PM,31,89.88
2015,3,0,12 AM,6,24.15
2015,3,4,4 AM,14,46.87
2015,3,5,5 AM,13,47.2
2015,3,7,7 AM,8,26.98
2015,3,8,8 AM,16,58.33
2015,3,9,9 AM,17,56.93
2015,3,10,10 AM,15,56.42
2015,3,11,11 AM,15,57.78
2015,3,12,12 PM,4,17.0
2015,3,15,3 PM,11,38.87
2015,3,16,4 PM,15,55.33
2015,3,17,5 PM,15,56.67
2015,3,18,6 PM,18,56.83
2015,3,19,7 PM,17,57.8
2015,3,20,8 PM,17,57.35
2015,3,21,9 PM,17,55.95
2015,3,22,10 PM,42,58.15
2015,3,23,11 PM,11,29.4
2016,7,0,12 AM,3,4.32
2016,7,1,1 AM,1,0.13
2016,11,0,12 AM,49,131.9
2016,11,1,1 AM,52,160.13
2016,11,2,2 AM,77,235.12
2016,11,3,3 AM,80,284.3
2016,11,4,4 AM,82,252.57
2016,11,5,5 AM,114,382.85
2016,11,6,6 AM,114,417.12
2016,11,7,7 AM,127,457.5
2016,11,8,8 AM,116,417.33
2016,11,9,9 AM,114,406.52
2016,11,10,10 AM,115,418.8
2016,11,11,11 AM,110,415.8
2016,11,12,12 PM,115,414.13
2016,11,13,1 PM,94,357.58
2016,11,14,2 PM,74,285.0
2016,11,15,3 PM,77,267.95
2016,11,16,4 PM,93,315.05
2016,11,17,5 PM,70,215.53
2016,11,18,6 PM,90,295.82
2016,11,19,7 PM,71,254.83
2016,11,20,8 PM,56,207.7
2016,11,21,9 PM,68,238.07
2016,11,22,10 PM,51,173.15
2016,11,23,11 PM,50,166.18
2016,12,3,3 AM,3,1.08
2016,12,16,4 PM,6,18.47
2016,12,19,7 PM,8,24.38
2016,12,20,8 PM,18,37.22
2016,12,22,10 PM,1,0.2
2017,1,0,12 AM,280,1000.88
2017,1,1,1 AM,290,996.08
2017,1,2,2 AM,284,977.15
2017,1,3,3 AM,358,1148.97
2017,1,4,4 AM,326,1095.3
2017,1,5,5 AM,339,1166.57
2017,1,6,6 AM,334,1083.25
2017,1,7,7 AM,309,1059.08
2017,1,8,8 AM,343,1201.33
2017,1,9,9 AM,370,1344.17
2017,1,10,10 AM,409,1474.18
2017,1,11,11 AM,409,1492.43
2017,1,12,12 PM,443,1591.12
2017,1,13,1 PM,422,1551.58
2017,1,14,2 PM,406,1465.92
2017,1,15,3 PM,398,1419.82
2017,1,16,4 PM,389,1439.93
2017,1,17,5 PM,362,1330.22
2017,1,18,6 PM,358,1308.77
2017,1,19,7 PM,389,1316.67
2017,1,20,8 PM,325,1133.83
2017,1,21,9 PM,356,1236.68
2017,1,22,10 PM,326,1076.5
2017,1,23,11 PM,257,903.95
2017,2,0,12 AM,216,772.95
2017,2,1,1 AM,257,887.92
2017,2,2,2 AM,250,873.15
2017,2,3,3 AM,325,1114.58
2017,2,4,4 AM,356,1197.27
2017,2,5,5 AM,379,1233.25
2017,2,6,6 AM,376,1278.17
2017,2,7,7 AM,387,1291.65
2017,2,8,8 AM,368,1300.13
2017,2,9,9 AM,389,1366.98
2017,2,10,10 AM,374,1343.9
2017,2,11,11 AM,367,1343.92
2017,2,12,12 PM,375,1371.47
2017,2,13,1 PM,358,1305.83
2017,2,14,2 PM,340,1218.8
2017,2,15,3 PM,320,1146.07
2017,2,16,4 PM,301,986.73
2017,2,17,5 PM,287,802.38
2017,2,18,6 PM,232,734.83
2017,2,19,7 PM,201,697.12
2017,2,20,8 PM,263,909.03
2017,2,21,9 PM,272,959.1
2017,2,22,10 PM,259,882.22
2017,2,23,11 PM,284,789.48
2017,3,0,12 AM,182,625.8
2017,3,1,1 AM,249,789.37
2017,3,2,2 AM,380,1219.97
2017,3,3,3 AM,427,1474.63
2017,3,4,4 AM,431,1563.87
2017,3,5,5 AM,426,1574.62
2017,3,6,6 AM,439,1607.38
2017,3,7,7 AM,438,1631.43
2017,3,8,8 AM,434,1576.68
2017,3,9,9 AM,453,1598.6
2017,3,10,10 AM,441,1632.28
2017,3,11,11 AM,437,1603.15
2017,3,12,12 PM,404,1433.12
2017,3,13,1 PM,369,1362.03
2017,3,14,2 PM,388,1328.35
2017,3,15,3 PM,352,1053.28
2017,3,16,4 PM,242,719.23
2017,3,17,5 PM,167,532.63
2017,3,18,6 PM,215,689.88
2017,3,19,7 PM,182,629.63
2017,3,20,8 PM,166,518.42
2017,3,21,9 PM,161,507.17
2017,3,22,10 PM,206,612.27
2017,3,23,11 PM,186,611.9
2017,4,19,7 PM,1,0.05
2017,5,19,7 PM,2,5.13
2017,7,6,6 AM,1,3.65
2017,7,7,7 AM,12,40.3
2017,7,8,8 AM,11,38.28
2017,7,14,2 PM,1,4.98
2017,7,16,4 PM,8,21.0
2017,7,17,5 PM,3,9.25
2017,7,23,11 PM,1,0.7
2017,8,1,1 AM,1,0.28
2017,8,4,4 AM,1,2.18
2017,8,5,5 AM,11,21.68
2017,8,22,10 PM,3,5.8
2017,8,23,11 PM,10,11.02
2018,4,0,12 AM,19,57.22
2018,4,1,1 AM,12,41.58
2018,4,2,2 AM,14,44.9
2018,4,3,3 AM,1,3.1
2018,4,18,6 PM,6,21.78
2018,4,19,7 PM,12,41.8
2018,4,22,10 PM,9,28.08
2018,4,23,11 PM,24,59.12
2018,5,6,6 AM,1,0.98
2018,5,20,8 PM,8,9.12
2018,5,21,9 PM,17,55.72
2019,10,0,12 AM,114,382.93
2019,10,1,1 AM,117,384.3
2019,10,2,2 AM,83,260.58
2019,10,3,3 AM,50,160.45
2019,10,4,4 AM,79,249.58
2019,10,5,5 AM,129,321.52
2019,10,6,6 AM,101,265.03
2019,10,7,7 AM,50,173.85
2019,10,8,8 AM,25,84.28
2019,10,9,9 AM,16,59.87
2019,10,10,10 AM,23,76.1
2019,10,11,11 AM,37,122.57
2019,10,12,12 PM,31,117.68
2019,10,13,1 PM,41,121.92
2019,10,14,2 PM,45,150.45
2019,10,15,3 PM,65,204.85
2019,10,16,4 PM,102,298.2
2019,10,17,5 PM,103,274.13
2019,10,18,6 PM,121,333.47
2019,10,19,7 PM,113,332.45
2019,10,20,8 PM,146,457.53
2019,10,21,9 PM,141,429.3
2019,10,22,10 PM,133,404.82
2019,10,23,11 PM,111,328.03
2019,11,0,12 AM,355,1228.1
2019,11,1,1 AM,349,1219.3
2019,11,2,2 AM,354,1178.4
2019,11,3,3 AM,362,1243.0
2019,11,4,4 AM,335,1148.62
2019,11,5,5 AM,256,857.97
2019,11,6,6 AM,300,970.02
2019,11,7,7 AM,389,1195.4
2019,11,8,8 AM,351,1222.38
2019,11,9,9 AM,359,1200.85
2019,11,10,10 AM,391,1318.8
2019,11,11,11 AM,363,1264.12
2019,11,12,12 PM,335,1222.47
2019,11,13,1 PM,337,1231.78
2019,11,14,2 PM,342,1216.22
2019,11,15,3 PM,319,1130.82
2019,11,16,4 PM,349,1259.22
2019,11,17,5 PM,353,1285.55
2019,11,18,6 PM,368,1291.3
2019,11,19,7 PM,410,1375.77
2019,11,20,8 PM,406,1385.47
2019,11,21,9 PM,388,1342.42
2019,11,22,10 PM,393,1350.65
2019,11,23,11 PM,390,1357.47
2019,12,0,12 AM,379,1193.22
2019,12,1,1 AM,315,1140.13
2019,12,2,2 AM,322,1052.25
2019,12,3,3 AM,366,1158.25
2019,12,4,4 AM,381,1336.8
2019,12,5,5 AM,340,1225.4
2019,12,6,6 AM,359,1249.52
2019,12,7,7 AM,369,1339.63
2019,12,8,8 AM,349,1300.72
2019,12,9,9 AM,339,1289.2
2019,12,10,10 AM,397,1491.75
2019,12,11,11 AM,404,1490.0
2019,12,12,12 PM,389,1436.63
2019,12,13,1 PM,336,1296.52
2019,12,14,2 PM,414,1382.43
2019,12,15,3 PM,379,1375.73
2019,12,16,4 PM,330,1221.9
2019,12,17,5 PM,325,1187.53
2019,12,18,6 PM,332,1144.82
2019,12,19,7 PM,364,1207.47
2019,12,20,8 PM,363,1251.42
2019,12,21,9 PM,386,1285.63
2019,12,22,10 PM,463,1409.18
2019,12,23,11 PM,381,1246.22
2020,1,0,12 AM,336,1181.37
2020,1,1,1 AM,315,1053.05
2020,1,2,2 AM,311,1150.72
2020,1,3,3 AM,366,1372.65
2020,1,4,4 AM,418,1502.08
2020,1,5,5 AM,442,1485.43
2020,1,6,6 AM,402,1457.15
2020,1,7,7 AM,417,1419.18
2020,1,8,8 AM,462,1544.5
2020,1,9,9 AM,461,1651.07
2020,1,10,10 AM,399,1467.03
2020,1,11,11 AM,410,1494.17
2020,1,12,12 PM,406,1482.85
2020,1,13,1 PM,380,1357.22
2020,1,14,2 PM,382,1373.45
2020,1,15,3 PM,402,1465.47
2020,1,16,4 PM,355,1288.12
2020,1,17,5 PM,335,1202.22
2020,1,18,6 PM,346,1245.28
2020,1,19,7 PM,400,1380.4
2020,1,20,8 PM,445,1477.02
2020,1,21,9 PM,395,1408.4
2020,1,22,10 PM,329,1186.52
2020,1,23,11 PM,309,1097.5
2020,2,0,12 AM,237,831.0
2020,2,1,1 AM,240,842.65
2020,2,2,2 AM,304,1075.1
2020,2,3,3 AM,319,1169.75
2020,2,4,4 AM,362,1244.5
2020,2,5,5 AM,427,1483.02
2020,2,6,6 AM,415,1455.1
2020,2,7,7 AM,491,1604.23
2020,2,8,8 AM,483,1615.35
2020,2,9,9 AM,514,1640.62
2020,2,10,10 AM,544,1725.75
2020,2,11,11 AM,497,1552.82
2020,2,12,12 PM,468,1426.42
2020,2,13,1 PM,466,1424.95
2020,2,14,2 PM,452,1292.52
2020,2,15,3 PM,397,1179.98
2020,2,16,4 PM,369,1146.42
2020,2,17,5 PM,326,1001.92
2020,2,18,6 PM,342,1112.62
2020,2,19,7 PM,295,933.27
2020,2,20,8 PM,326,876.38
2020,2,21,9 PM,259,868.23
2020,2,22,10 PM,267,848.9
2020,2,23,11 PM,276,780.82
2020,3,0,12 AM,254,872.7
2020,3,1,1 AM,287,967.77
2020,3,2,2 AM,305,1013.15
2020,3,3,3 AM,271,953.73
2020,3,4,4 AM,236,855.45
2020,3,5,5 AM,204,668.8
2020,3,6,6 AM,195,687.97
2020,3,7,7 AM,192,662.98
2020,3,8,8 AM,213,760.45
2020,3,9,9 AM,230,767.4
2020,3,10,10 AM,282,874.97
2020,3,11,11 AM,282,865.17
2020,3,12,12 PM,250,755.72
2020,3,13,1 PM,244,764.62
2020,3,14,2 PM,249,775.72
2020,3,15,3 PM,244,749.15
2020,3,16,4 PM,226,697.33
2020,3,17,5 PM,192,603.87
2020,3,18,6 PM,231,724.2
2020,3,19,7 PM,285,906.02
2020,3,20,8 PM,281,909.12
2020,3,21,9 PM,266,881.1
2020,3,22,10 PM,275,844.4
2020,3,23,11 PM,303,958.05
2020,4,0,12 AM,1,2.73
2020,5,0,12 AM,31,105.95
2020,5,1,1 AM,28,96.05
2020,5,2,2 AM,22,81.65
2020,5,3,3 AM,30,101.83
2020,5,4,4 AM,34,120.07
2020,5,5,5 AM,32,107.55
2020,5,6,6 AM,36,120.18
2020,5,7,7 AM,38,109.2
2020,5,8,8 AM,31,75.87
2020,5,9,9 AM,47,121.1
2020,5,10,10 AM,45,118.52
2020,5,11,11 AM,43,118.92
2020,5,12,12 PM,43,119.52
2020,5,13,1 PM,40,117.02
2020,5,14,2 PM,19,58.5
2020,5,15,3 PM,12,37.2
2020,5,16,4 PM,17,62.37
2020,5,17,5 PM,43,79.77
2020,5,18,6 PM,30,97.9
2020,5,19,7 PM,14,46.52
2020,5,20,8 PM,6,7.13
2020,5,21,9 PM,23,71.83
2020,5,22,10 PM,37,124.73
2020,5,23,11 PM,38,128.25
2020,6,0,12 AM,410,1437.68
2020,6,1,1 AM,424,1363.75
2020,6,2,2 AM,347,1097.03
2020,6,3,3 AM,331,1058.18
2020,6,4,4 AM,403,1277.17
2020,6,5,5 AM,488,1496.9
2020,6,6,6 AM,615,1714.9
2020,6,7,7 AM,604,1619.1
2020,6,8,8 AM,646,1689.72
2020,6,9,9 AM,642,1662.17
2020,6,10,10 AM,609,1599.92
2020,6,11,11 AM,529,1435.0
2020,6,12,12 PM,527,1445.57
2020,6,13,1 PM,561,1540.6
2020,6,14,2 PM,559,1542.52
2020,6,15,3 PM,494,1431.77
2020,6,16,4 PM,494,1476.27
2020,6,17,5 PM,453,1379.33
2020,6,18,6 PM,375,1228.82
2020,6,19,7 PM,412,1396.85
2020,6,20,8 PM,424,1403.63
2020,6,21,9 PM,429,1509.95
2020,6,22,10 PM,396,1372.97
2020,6,23,11 PM,402,1383.92
2020,7,0,12 AM,310,1028.55
2020,7,1,1 AM,307,1025.12
2020,7,2,2 AM,267,776.68
2020,7,3,3 AM,390,1127.1
2020,7,4,4 AM,383,1149.67
2020,7,5,5 AM,493,1372.37
2020,7,6,6 AM,550,1445.7
2020,7,7,7 AM,548,1522.22
2020,7,8,8 AM,549,1461.33
2020,7,9,9 AM,590,1567.52
2020,7,10,10 AM,625,1718.2
2020,7,11,11 AM,597,1648.03
2020,7,12,12 PM,583,1634.3
2020,7,13,1 PM,531,1494.77
2020,7,14,2 PM,494,1430.82
2020,7,15,3 PM,514,1502.78
2020,7,16,4 PM,470,1456.97
2020,7,17,5 PM,469,1365.18
2020,7,18,6 PM,470,1446.88
2020,7,19,7 PM,434,1420.8
2020,7,20,8 PM,403,1321.72
2020,7,21,9 PM,388,1327.48
2020,7,22,10 PM,385,1285.33
2020,7,23,11 PM,267,895.5
2020,8,0,12 AM,508,1546.85
2020,8,1,1 AM,501,1601.23
2020,8,2,2 AM,498,1541.03
2020,8,3,3 AM,496,1444.08
2020,8,4,4 AM,515,1468.3
2020,8,5,5 AM,575,1642.45
2020,8,6,6 AM,571,1624.93
2020,8,7,7 AM,555,1546.33
2020,8,8,8 AM,522,1448.7
2020,8,9,9 AM,548,1515.48
2020,8,10,10 AM,547,1481.22
2020,8,11,11 AM,561,1515.9
2020,8,12,12 PM,518,1472.52
2020,8,13,1 PM,442,1321.95
2020,8,14,2 PM,440,1296.0
2020,8,15,3 PM,444,1332.12
2020,8,16,4 PM,415,1313.48
2020,8,17,5 PM,392,1235.7
2020,8,18,6 PM,469,1386.07
2020,8,19,7 PM,464,1467.98
2020,8,20,8 PM,521,1637.48
2020,8,21,9 PM,458,1445.13
2020,8,22,10 PM,405,1238.78
2020,8,23,11 PM,456,1414.88
2020,9,0,12 AM,328,1020.0
2020,9,1,1 AM,356,1099.28
2020,9,2,2 AM,349,975.07
2020,9,3,3 AM,425,1249.78
2020,9,4,4 AM,507,1509.45
2020,9,5,5 AM,526,1520.08
2020,9,6,6 AM,591,1691.85
2020,9,7,7 AM,563,1529.78
2020,9,8,8 AM,572,1574.23
2020,9,9,9 AM,579,1575.6
2020,9,10,10 AM,577,1569.75
2020,9,11,11 AM,501,1355.08
2020,9,12,12 PM,495,1386.88
2020,9,13,1 PM,495,1435.05
2020,9,14,2 PM,470,1350.38
2020,9,15,3 PM,414,1262.08
2020,9,16,4 PM,375,1142.65
2020,9,17,5 PM,345,1091.88
2020,9,18,6 PM,393,1240.28
2020,9,19,7 PM,394,1234.33
2020,9,20,8 PM,373,1217.1
2020,9,21,9 PM,351,1121.85
2020,9,22,10 PM,372,1214.58
2020,9,23,11 PM,347,1098.35
2020,10,0,12 AM,171,480.88
2020,10,1,1 AM,205,484.52
2020,10,2,2 AM,277,624.27
2020,10,3,3 AM,307,865.18
2020,10,4,4 AM,386,1066.2
2020,10,5,5 AM,461,1253.85
2020,10,6,6 AM,550,1482.5
2020,10,7,7 AM,635,1658.65
2020,10,8,8 AM,670,1629.23
2020,10,9,9 AM,642,1573.33
2020,10,10,10 AM,593,1559.62
2020,10,11,11 AM,535,1368.32
2020,10,12,12 PM,565,1415.37
2020,10,13,1 PM,554,1427.05
2020,10,14,2 PM,512,1445.38
2020,10,15,3 PM,433,1254.63
2020,10,16,4 PM,467,1175.22
2020,10,17,5 PM,308,803.4
2020,10,18,6 PM,266,823.65
2020,10,19,7 PM,242,755.45
2020,10,20,8 PM,194,621.62
2020,10,21,9 PM,196,607.18
2020,10,22,10 PM,191,531.73
2020,10,23,11 PM,220,614.23
2020,11,0,12 AM,376,1029.13
2020,11,1,1 AM,382,1085.75
2020,11,2,2 AM,393,1061.77
2020,11,3,3 AM,381,1058.68
2020,11,4,4 AM,401,1073.53
2020,11,5,5 AM,432,1119.37
2020,11,6,6 AM,488,1301.97
2020,11,7,7 AM,576,1525.58
2020,11,8,8 AM,569,1559.85
2020,11,9,9 AM,563,1527.58
2020,11,10,10 AM,588,1588.65
2020,11,11,11 AM,550,1495.53
2020,11,12,12 PM,411,1149.6
2020,11,13,1 PM,394,1133.53
2020,11,14,2 PM,408,1171.97
2020,11,15,3 PM,417,1160.47
2020,11,16,4 PM,393,1128.9
2020,11,17,5 PM,406,1167.22
2020,11,18,6 PM,338,986.8
2020,11,19,7 PM,324,1013.62
2020,11,20,8 PM,252,823.47
2020,11,21,9 PM,250,791.52
2020,11,22,10 PM,218,656.7
2020,11,23,11 PM,302,835.15
2020,12,0,12 AM,341,1125.98
2020,12,1,1 AM,236,854.03
2020,12,2,2 AM,280,897.53
2020,12,3,3 AM,399,1340.35
2020,12,4,4 AM,410,1430.3
2020,12,5,5 AM,407,1455.95
2020,12,6,6 AM,402,1387.58
2020,12,7,7 AM,396,1376.58
2020,12,8,8 AM,439,1482.62
2020,12,9,9 AM,446,1568.65
2020,12,10,10 AM,453,1581.4
2020,12,11,11 AM,488,1705.05
2020,12,12,12 PM,444,1557.67
2020,12,13,1 PM,451,1538.95
2020,12,14,2 PM,399,1367.22
2020,12,15,3 PM,365,1300.02
2020,12,16,4 PM,350,1239.03
2020,12,17,5 PM,413,1425.45
2020,12,18,6 PM,378,1373.38
2020,12,19,7 PM,357,1290.33
2020,12,20,8 PM,349,1283.97
2020,12,21,9 PM,347,1280.53
2020,12,22,10 PM,333,1180.38
2020,12,23,11 PM,291,1060.97
2021,1,0,12 AM,392,1329.88
2021,1,1,1 AM,410,1374.95
2021,1,2,2 AM,414,1434.48
2021,1,3,3 AM,335,1203.88
2021,1,4,4 AM,384,1284.73
2021,1,5,5 AM,354,1253.62
2021,1,6,6 AM,405,1464.98
2021,1,7,7 AM,402,1458.83
2021,1,8,8 AM,427,1490.42
2021,1,9,9 AM,463,1586.77
2021,1,10,10 AM,483,1670.22
2021,1,11,11 AM,494,1732.93
2021,1,12,12 PM,558,1789.72
2021,1,13,1 PM,489,1737.82
2021,1,14,2 PM,468,1633.42
2021,1,15,3 PM,420,1507.38
2021,1,16,4 PM,429,1568.05
2021,1,17,5 PM,474,1639.38
2021,1,18,6 PM,465,1639.47
2021,1,19,7 PM,384,1438.92
2021,1,20,8 PM,386,1377.72
2021,1,21,9 PM,378,1353.77
2021,1,22,10 PM,389,1363.73
2021,1,23,11 PM,324,1120.42
2021,2,0,12 AM,343,1184.28
2021,2,1,1 AM,450,1265.42
2021,2,2,2 AM,364,1173.47
2021,2,3,3 AM,349,1177.2
2021,2,4,4 AM,350,1173.35
2021,2,5,5 AM,428,1388.2
2021,2,6,6 AM,393,1387.9
2021,2,7,7 AM,414,1430.17
2021,2,8,8 AM,384,1397.45
2021,2,9,9 AM,406,1434.65
2021,2,10,10 AM,431,1545.62
2021,2,11,11 AM,433,1560.28
2021,2,12,12 PM,395,1380.6
2021,2,13,1 PM,397,1413.63
2021,2,14,2 PM,412,1441.3
2021,2,15,3 PM,404,1401.62
2021,2,16,4 PM,379,1358.53
2021,2,17,5 PM,361,1311.68
2021,2,18,6 PM,403,1373.93
2021,2,19,7 PM,397,1481.97
2021,2,20,8 PM,397,1421.87
2021,2,21,9 PM,354,1226.75
2021,2,22,10 PM,314,991.23
2021,2,23,11 PM,327,1064.98
2021,3,0,12 AM,481,1423.18
2021,3,1,1 AM,382,1349.55
2021,3,2,2 AM,497,1521.2
2021,3,3,3 AM,481,1674.67
2021,3,4,4 AM,486,1718.87
2021,3,5,5 AM,459,1606.58
2021,3,6,6 AM,510,1828.62
2021,3,7,7 AM,457,1623.0
2021,3,8,8 AM,460,1642.47
2021,3,9,9 AM,448,1593.93
2021,3,10,10 AM,457,1586.55
2021,3,11,11 AM,427,1507.52
2021,3,12,12 PM,415,1495.67
2021,3,13,1 PM,405,1431.25
2021,3,14,2 PM,399,1390.13
2021,3,15,3 PM,383,1383.48
2021,3,16,4 PM,366,1285.75
2021,3,17,5 PM,437,1460.9
2021,3,18,6 PM,359,1308.57
2021,3,19,7 PM,379,1179.9
2021,3,20,8 PM,372,1338.9
2021,3,21,9 PM,385,1258.57
2021,3,22,10 PM,381,1151.57
2021,3,23,11 PM,349,1170.43
2021,4,0,12 AM,386,1230.88
2021,4,1,1 AM,347,1208.12
2021,4,2,2 AM,341,1177.38
2021,4,3,3 AM,386,1266.07
2021,4,4,4 AM,428,1369.75
2021,4,5,5 AM,409,1461.48
2021,4,6,6 AM,463,1625.9
2021,4,7,7 AM,457,1648.93
2021,4,8,8 AM,449,1619.12
2021,4,9,9 AM,478,1758.82
2021,4,10,10 AM,481,1777.57
2021,4,11,11 AM,470,1735.28
2021,4,12,12 PM,482,1742.03
2021,4,13,1 PM,478,1739.0
2021,4,14,2 PM,457,1658.55
2021,4,15,3 PM,431,1514.88
2021,4,16,4 PM,392,1349.2
2021,4,17,5 PM,371,1251.1
2021,4,18,6 PM,385,1336.1
2021,4,19,7 PM,374,1231.92
2021,4,20,8 PM,372,1225.47
2021,4,21,9 PM,454,1427.38
2021,4,22,10 PM,431,1308.78
2021,4,23,11 PM,329,1168.43
2021,5,0,12 AM,341,1012.23
2021,5,1,1 AM,280,919.07
2021,5,2,2 AM,384,1189.2
2021,5,3,3 AM,399,1336.77
2021,5,4,4 AM,405,1289.88
2021,5,5,5 AM,443,1595.33
2021,5,6,6 AM,496,1804.07
2021,5,7,7 AM,477,1747.62
2021,5,8,8 AM,483,1793.47
2021,5,9,9 AM,485,1804.77
2021,5,10,10 AM,486,1805.23
2021,5,11,11 AM,472,1765.72
2021,5,12,12 PM,486,1799.28
2021,5,13,1 PM,483,1744.15
2021,5,14,2 PM,452,1573.05
2021,5,15,3 PM,468,1609.12
2021,5,16,4 PM,396,1379.07
2021,5,17,5 PM,369,1203.4
2021,5,18,6 PM,333,1076.72
2021,5,19,7 PM,347,1133.83
2021,5,20,8 PM,295,995.47
2021,5,21,9 PM,306,970.4
2021,5,22,10 PM,317,992.12
2021,5,23,11 PM,294,942.1
2021,6,0,12 AM,290,930.58
2021,6,1,1 AM,309,1024.05
2021,6,2,2 AM,283,984.67
2021,6,3,3 AM,306,1039.32
2021,6,4,4 AM,317,1136.18
2021,6,5,5 AM,318,1080.53
2021,6,6,6 AM,385,1308.15
2021,6,7,7 AM,391,1369.8
2021,6,8,8 AM,389,1372.83
2021,6,9,9 AM,423,1542.57
2021,6,10,10 AM,414,1524.0
2021,6,11,11 AM,428,1564.72
2021,6,12,12 PM,433,1536.47
2021,6,13,1 PM,437,1514.88
2021,6,14,2 PM,455,1602.65
2021,6,15,3 PM,451,1569.75
2021,6,16,4 PM,442,1552.05
2021,6,17,5 PM,447,1603.48
2021,6,18,6 PM,407,1449.45
2021,6,19,7 PM,426,1494.73
2021,6,20,8 PM,392,1376.88
2021,6,21,9 PM,403,1352.85
2021,6,22,10 PM,388,1328.58
2021,6,23,11 PM,337,1150.92
2021,7,0,12 AM,303,1005.58
2021,7,1,1 AM,286,991.35
2021,7,2,2 AM,305,1086.75
2021,7,3,3 AM,399,1367.43
2021,7,4,4 AM,412,1456.13
2021,7,5,5 AM,408,1446.57
2021,7,6,6 AM,453,1573.13
2021,7,7,7 AM,432,1445.0
2021,7,8,8 AM,449,1505.42
2021,7,9,9 AM,419,1519.9
2021,7,10,10 AM,423,1515.32
2021,7,11,11 AM,489,1695.05
2021,7,12,12 PM,511,1696.85
2021,7,13,1 PM,426,1390.95
2021,7,14,2 PM,426,1414.17
2021,7,15,3 PM,318,1173.75
2021,7,16,4 PM,297,1076.43
2021,7,17,5 PM,234,847.58
2021,7,18,6 PM,245,806.67
2021,7,19,7 PM,301,1057.72
2021,7,20,8 PM,318,1109.65
2021,7,21,9 PM,348,1161.67
2021,7,22,10 PM,317,1104.05
2021,7,23,11 PM,251,894.67
2021,8,0,12 AM,295,1026.5
2021,8,1,1 AM,334,1172.0
2021,8,2,2 AM,295,1085.35
2021,8,3,3 AM,313,1146.37
2021,8,4,4 AM,351,1225.67
2021,8,5,5 AM,346,1218.35
2021,8,6,6 AM,372,1218.57
2021,8,7,7 AM,374,1292.5
2021,8,8,8 AM,389,1386.13
2021,8,9,9 AM,393,1440.58
2021,8,10,10 AM,442,1594.37
2021,8,11,11 AM,477,1678.65
2021,8,12,12 PM,460,1625.42
2021,8,13,1 PM,437,1598.57
2021,8,14,2 PM,392,1361.75
2021,8,15,3 PM,390,1334.32
2021,8,16,4 PM,385,1386.93
2021,8,17,5 PM,377,1370.8
2021,8,18,6 PM,369,1294.02
2021,8,19,7 PM,363,1288.67
2021,8,20,8 PM,367,1283.17
2021,8,21,9 PM,361,1232.28
2021,8,22,10 PM,312,982.92
2021,8,23,11 PM,267,884.85
2021,9,0,12 AM,386,1360.52
2021,9,1,1 AM,380,1356.75
2021,9,2,2 AM,383,1374.15
2021,9,3,3 AM,422,1487.7
2021,9,4,4 AM,466,1543.72
2021,9,5,5 AM,459,1653.62
2021,9,6,6 AM,477,1702.13
2021,9,7,7 AM,488,1761.65
2021,9,8,8 AM,457,1673.17
2021,9,9,9 AM,448,1588.32
2021,9,10,10 AM,413,1466.82
2021,9,11,11 AM,399,1435.03
2021,9,12,12 PM,449,1468.17
2021,9,13,1 PM,444,1510.22
2021,9,14,2 PM,393,1348.62
2021,9,15,3 PM,353,1240.73
2021,9,16,4 PM,311,1082.2
2021,9,17,5 PM,302,1025.75
2021,9,18,6 PM,242,875.8
2021,9,19,7 PM,290,956.68
2021,9,20,8 PM,268,871.77
2021,9,21,9 PM,337,1039.22
2021,9,22,10 PM,260,893.12
2021,9,23,11 PM,350,1135.48
2021,10,0,12 AM,339,1190.08
2021,10,1,1 AM,416,1393.23
2021,10,2,2 AM,428,1508.75
2021,10,3,3 AM,469,1698.18
2021,10,4,4 AM,486,1717.73
2021,10,5,5 AM,488,1772.65
2021,10,6,6 AM,479,1711.93
2021,10,7,7 AM,482,1770.48
2021,10,8,8 AM,450,1647.72
2021,10,9,9 AM,462,1689.38
2021,10,10,10 AM,458,1640.3
2021,10,11,11 AM,488,1749.18
2021,10,12,12 PM,475,1666.1
2021,10,13,1 PM,441,1514.43
2021,10,14,2 PM,427,1425.28
2021,10,15,3 PM,408,1431.72
2021,10,16,4 PM,415,1455.65
2021,10,17,5 PM,413,1456.48
2021,10,18,6 PM,459,1544.9
2021,10,19,7 PM,440,1425.48
2021,10,20,8 PM,459,1526.22
2021,10,21,9 PM,476,1574.37
2021,10,22,10 PM,381,1359.73
2021,10,23,11 PM,485,1354.55
2021,11,0,12 AM,279,984.35
2021,11,1,1 AM,318,1102.1
2021,11,2,2 AM,373,1266.05
2021,11,3,3 AM,359,1260.68
2021,11,4,4 AM,381,1311.63
2021,11,5,5 AM,464,1624.43
2021,11,6,6 AM,440,1562.27
2021,11,7,7 AM,425,1514.0
2021,11,8,8 AM,459,1606.98
2021,11,9,9 AM,481,1749.87
2021,11,10,10 AM,476,1671.1
2021,11,11,11 AM,484,1661.63
2021,11,12,12 PM,514,1771.53
2021,11,13,1 PM,454,1611.8
2021,11,14,2 PM,400,1430.77
2021,11,15,3 PM,384,1356.08
2021,11,16,4 PM,412,1461.23
2021,11,17,5 PM,427,1467.88
2021,11,18,6 PM,349,1223.6
2021,11,19,7 PM,356,1237.62
2021,11,20,8 PM,380,1261.62
2021,11,21,9 PM,371,1243.48
2021,11,22,10 PM,344,1083.95
2021,11,23,11 PM,321,1036.78
2021,12,0,12 AM,333,1136.38
2021,12,1,1 AM,357,1278.6
2021,12,2,2 AM,444,1455.68
2021,12,3,3 AM,423,1483.13
2021,12,4,4 AM,458,1628.12
2021,12,5,5 AM,469,1669.28
2021,12,6,6 AM,480,1721.57
2021,12,7,7 AM,493,1785.48
2021,12,8,8 AM,499,1775.42
2021,12,9,9 AM,506,1825.77
2021,12,10,10 AM,503,1848.1
2021,12,11,11 AM,516,1810.9
2021,12,12,12 PM,473,1739.9
2021,12,13,1 PM,483,1699.3
2021,12,14,2 PM,445,1491.23
2021,12,15,3 PM,450,1477.9
2021,12,16,4 PM,450,1525.07
2021,12,17,5 PM,395,1327.83
2021,12,18,6 PM,417,1427.38
2021,12,19,7 PM,437,1533.38
2021,12,20,8 PM,359,1232.03
2021,12,21,9 PM,283,964.5
2021,12,22,10 PM,339,1154.52
2021,12,23,11 PM,333,1151.13
2022,1,0,12 AM,332,1149.38
2022,1,1,1 AM,346,1233.63
2022,1,2,2 AM,390,1400.67
2022,1,3,3 AM,443,1579.82
2022,1,4,4 AM,435,1483.4
2022,1,5,5 AM,453,1587.45
2022,1,6,6 AM,454,1646.47
2022,1,7,7 AM,457,1644.08
2022,1,8,8 AM,481,1645.52
2022,1,9,9 AM,459,1649.38
2022,1,10,10 AM,435,1552.77
2022,1,11,11 AM,469,1682.48
2022,1,12,12 PM,445,1595.3
2022,1,13,1 PM,435,1518.53
2022,1,14,2 PM,434,1469.15
2022,1,15,3 PM,454,1626.3
2022,1,16,4 PM,496,1740.83
2022,1,17,5 PM,485,1750.0
2022,1,18,6 PM,461,1637.4
2022,1,19,7 PM,449,1606.88
2022,1,20,8 PM,454,1563.68
2022,1,21,9 PM,437,1424.73
2022,1,22,10 PM,404,1279.75
2022,1,23,11 PM,345,1178.98
2022,2,0,12 AM,307,1071.02
2022,2,1,1 AM,282,983.7
2022,2,2,2 AM,282,939.87
2022,2,3,3 AM,294,970.38
2022,2,4,4 AM,293,1039.25
2022,2,5,5 AM,362,1282.4
2022,2,6,6 AM,356,1250.37
2022,2,7,7 AM,409,1282.37
2022,2,8,8 AM,395,1302.12
2022,2,9,9 AM,328,1162.8
2022,2,10,10 AM,372,1270.45
2022,2,11,11 AM,350,1232.25
2022,2,12,12 PM,334,1199.85
2022,2,13,1 PM,407,1344.57
2022,2,14,2 PM,396,1324.33
2022,2,15,3 PM,366,1317.45
2022,2,16,4 PM,412,1488.85
2022,2,17,5 PM,409,1460.32
2022,2,18,6 PM,429,1506.95
2022,2,19,7 PM,414,1495.25
2022,2,20,8 PM,428,1475.75
2022,2,21,9 PM,331,1144.22
2022,2,22,10 PM,276,966.23
2022,2,23,11 PM,324,1088.27
2022,3,0,12 AM,413,1463.23
2022,3,1,1 AM,422,1476.32
2022,3,2,2 AM,402,1379.1
2022,3,3,3 AM,382,1314.8
2022,3,4,4 AM,371,1233.53
2022,3,5,5 AM,356,1278.9
2022,3,6,6 AM,467,1556.35
2022,3,7,7 AM,454,1591.95
2022,3,8,8 AM,467,1691.95
2022,3,9,9 AM,479,1724.12
2022,3,10,10 AM,473,1717.18
2022,3,11,11 AM,480,1739.1
2022,3,12,12 PM,476,1675.13
2022,3,13,1 PM,448,1575.5
2022,3,14,2 PM,481,1501.7
2022,3,15,3 PM,446,1530.4
2022,3,16,4 PM,381,1329.35
2022,3,17,5 PM,351,1219.02
2022,3,18,6 PM,348,1150.82
2022,3,19,7 PM,334,1165.1
2022,3,20,8 PM,306,1127.0
2022,3,21,9 PM,397,1333.33
2022,3,22,10 PM,462,1586.68
2022,3,23,11 PM,440,1505.7
2022,4,0,12 AM,414,1414.02
2022,4,1,1 AM,398,1384.52
2022,4,2,2 AM,435,1480.2
2022,4,3,3 AM,369,1271.78
2022,4,4,4 AM,377,1355.83
2022,4,5,5 AM,359,1304.4
2022,4,6,6 AM,367,1267.43
2022,4,7,7 AM,359,1279.47
2022,4,8,8 AM,331,1213.0
2022,4,9,9 AM,320,1144.72
2022,4,10,10 AM,346,1213.13
2022,4,11,11 AM,341,1213.27
2022,4,12,12 PM,431,1378.32
2022,4,13,1 PM,369,1246.47
2022,4,14,2 PM,344,1231.1
2022,4,15,3 PM,401,1430.98
2022,4,16,4 PM,412,1462.55
2022,4,17,5 PM,360,1228.77
2022,4,18,6 PM,405,1406.67
2022,4,19,7 PM,410,1320.85
2022,4,20,8 PM,407,1334.15
2022,4,21,9 PM,426,1239.83
2022,4,22,10 PM,455,1388.57
2022,4,23,11 PM,389,1363.6
2022,5,0,12 AM,248,827.72
2022,5,1,1 AM,231,758.05
2022,5,2,2 AM,270,896.18
2022,5,3,3 AM,231,783.28
2022,5,4,4 AM,171,602.62
2022,5,5,5 AM,180,634.93
2022,5,6,6 AM,192,697.8
2022,5,7,7 AM,196,678.67
2022,5,8,8 AM,187,658.38
2022,5,9,9 AM,186,663.83
2022,5,10,10 AM,198,694.72
2022,5,11,11 AM,230,746.63
2022,5,12,12 PM,343,1127.82
2022,5,13,1 PM,361,1232.43
2022,5,14,2 PM,304,1053.83
2022,5,15,3 PM,301,1014.0
2022,5,16,4 PM,394,1258.75
2022,5,17,5 PM,404,1327.38
2022,5,18,6 PM,380,1218.05
2022,5,19,7 PM,328,1070.08
2022,5,20,8 PM,334,1041.88
2022,5,21,9 PM,330,1107.63
2022,5,22,10 PM,335,1146.87
2022,5,23,11 PM,335,1029.2
2022,6,0,12 AM,329,1110.4
2022,6,1,1 AM,307,997.97
2022,6,2,2 AM,318,1052.02
2022,6,3,3 AM,413,1367.9
2022,6,4,4 AM,358,1168.43
2022,6,5,5 AM,409,1307.18
2022,6,6,6 AM,442,1477.97
2022,6,7,7 AM,451,1504.93
2022,6,8,8 AM,441,1484.55
2022,6,9,9 AM,468,1543.03
2022,6,10,10 AM,440,1501.88
2022,6,11,11 AM,418,1422.85
2022,6,12,12 PM,438,1465.27
2022,6,13,1 PM,479,1525.45
2022,6,14,2 PM,487,1367.93
2022,6,15,3 PM,418,1366.02
2022,6,16,4 PM,378,1295.07
2022,6,17,5 PM,385,1320.03
2022,6,18,6 PM,392,1309.08
2022,6,19,7 PM,417,1328.58
2022,6,20,8 PM,387,1191.98
2022,6,21,9 PM,330,1075.23
2022,6,22,10 PM,308,936.87
2022,6,23,11 PM,285,966.5
2022,7,0,12 AM,293,852.52
2022,7,1,1 AM,398,1072.73
2022,7,2,2 AM,330,1075.63
2022,7,3,3 AM,375,1248.53
2022,7,4,4 AM,446,1472.18
2022,7,5,5 AM,470,1608.93
2022,7,6,6 AM,499,1638.3
2022,7,7,7 AM,448,1529.18
2022,7,8,8 AM,408,1410.32
2022,7,9,9 AM,393,1297.17
2022,7,10,10 AM,421,1454.17
2022,7,11,11 AM,453,1514.18
2022,7,12,12 PM,405,1363.68
2022,7,13,1 PM,428,1292.17
2022,7,14,2 PM,367,1101.02
2022,7,15,3 PM,383,1279.17
2022,7,16,4 PM,324,1099.68
2022,7,17,5 PM,294,952.73
2022,7,18,6 PM,350,1144.68
2022,7,19,7 PM,369,1179.03
2022,7,20,8 PM,402,1302.28
2022,7,21,9 PM,363,1174.45
2022,7,22,10 PM,331,1068.33
2022,7,23,11 PM,302,986.95
2022,8,0,12 AM,295,977.72
2022,8,1,1 AM,344,1052.68
2022,8,2,2 AM,380,1169.73
2022,8,3,3 AM,366,1192.2
2022,8,4,4 AM,351,1185.73
2022,8,5,5 AM,380,1241.13
2022,8,6,6 AM,396,1307.47
2022,8,7,7 AM,398,1360.95
2022,8,8,8 AM,430,1419.82
2022,8,9,9 AM,418,1420.47
2022,8,10,10 AM,476,1555.13
2022,8,11,11 AM,475,1608.98
2022,8,12,12 PM,454,1531.43
2022,8,13,1 PM,405,1382.82
2022,8,14,2 PM,354,1138.33
2022,8,15,3 PM,316,1071.42
2022,8,16,4 PM,272,862.02
2022,8,17,5 PM,274,891.18
2022,8,18,6 PM,315,1042.7
2022,8,19,7 PM,436,1477.8
2022,8,20,8 PM,314,1041.02
2022,8,21,9 PM,251,816.62
2022,8,22,10 PM,308,1019.03
2022,8,23,11 PM,294,961.72
2022,9,0,12 AM,355,1189.12
2022,9,1,1 AM,387,1271.32
2022,9,2,2 AM,384,1307.43
2022,9,3,3 AM,390,1352.43
2022,9,4,4 AM,398,1375.9
2022,9,5,5 AM,424,1466.02
2022,9,6,6 AM,418,1457.63
2022,9,7,7 AM,409,1418.47
2022,9,8,8 AM,427,1483.42
2022,9,9,9 AM,432,1508.9
2022,9,10,10 AM,377,1329.37
2022,9,11,11 AM,418,1324.3
2022,9,12,12 PM,395,1355.42
2022,9,13,1 PM,420,1392.57
2022,9,14,2 PM,449,1420.58
2022,9,15,3 PM,414,1338.15
2022,9,16,4 PM,379,1309.5
2022,9,17,5 PM,426,1413.2
2022,9,18,6 PM,407,1272.05
2022,9,19,7 PM,431,1334.52
2022,9,20,8 PM,440,1371.95
2022,9,21,9 PM,362,1187.4
2022,9,22,10 PM,355,1211.82
2022,9,23,11 PM,377,1261.0
2022,10,0,12 AM,387,1271.32
2022,10,1,1 AM,410,1378.33
2022,10,2,2 AM,428,1422.23
2022,10,3,3 AM,404,1435.95
2022,10,4,4 AM,346,1222.97
2022,10,5,5 AM,337,1201.98
2022,10,6,6 AM,370,1262.88
2022,10,7,7 AM,411,1432.2
2022,10,8,8 AM,425,1475.22
2022,10,9,9 AM,385,1353.65
2022,10,10,10 AM,377,1351.83
2022,10,11,11 AM,384,1394.9
2022,10,12,12 PM,408,1436.88
2022,10,13,1 PM,423,1435.52
2022,10,14,2 PM,365,1280.97
2022,10,15,3 PM,361,1276.75
2022,10,16,4 PM,411,1416.65
2022,10,17,5 PM,411,1422.43
2022,10,18,6 PM,374,1238.9
2022,10,19,7 PM,356,1209.03
2022,10,20,8 PM,377,1208.9
2022,10,21,9 PM,376,1180.28
2022,10,22,10 PM,359,1188.98
2022,10,23,11 PM,343,1065.43
2022,11,0,12 AM,436,1514.32
2022,11,1,1 AM,456,1530.43
2022,11,2,2 AM,451,1573.87
2022,11,3,3 AM,414,1446.87
2022,11,4,4 AM,444,1568.43
2022,11,5,5 AM,441,1559.2
2022,11,6,6 AM,454,1501.02
2022,11,7,7 AM,452,1555.47
2022,11,8,8 AM,476,1665.18
2022,11,9,9 AM,484,1700.23
2022,11,10,10 AM,480,1703.33
2022,11,11,11 AM,491,1687.2
2022,11,12,12 PM,486,1678.45
2022,11,13,1 PM,454,1550.07
2022,11,14,2 PM,415,1410.57
2022,11,15,3 PM,443,1427.9
2022,11,16,4 PM,391,1361.62
2022,11,17,5 PM,444,1526.8
2022,11,18,6 PM,469,1579.32
2022,11,19,7 PM,434,1440.92
2022,11,20,8 PM,440,1475.32
2022,11,21,9 PM,444,1517.77
2022,11,22,10 PM,456,1611.82
2022,11,23,11 PM,481,1653.23
2022,12,0,12 AM,421,1406.83
2022,12,1,1 AM,459,1479.37
2022,12,2,2 AM,451,1379.37
2022,12,3,3 AM,446,1380.03
2022,12,4,4 AM,472,1401.18
2022,12,5,5 AM,397,1307.45
2022,12,6,6 AM,375,1278.0
2022,12,7,7 AM,407,1407.65
2022,12,8,8 AM,435,1487.6
2022,12,9,9 AM,441,1485.35
2022,12,10,10 AM,459,1583.35
2022,12,11,11 AM,431,1521.35
2022,12,12,12 PM,421,1421.52
2022,12,13,1 PM,423,1424.5
2022,12,14,2 PM,439,1465.42
2022,12,15,3 PM,407,1351.87
2022,12,16,4 PM,397,1353.48
2022,12,17,5 PM,456,1572.28
2022,12,18,6 PM,425,1501.4
2022,12,19,7 PM,407,1385.13
2022,12,20,8 PM,446,1359.63
2022,12,21,9 PM,509,1366.6
2022,12,22,10 PM,416,1396.17
2022,12,23,11 PM,417,1439.87
2023,1,0,12 AM,398,1380.2
2023,1,1,1 AM,390,1338.67
2023,1,2,2 AM,312,986.08
2023,1,3,3 AM,312,965.83
2023,1,4,4 AM,433,1498.47
2023,1,5,5 AM,507,1811.67
2023,1,6,6 AM,515,1854.37
2023,1,7,7 AM,520,1856.68
2023,1,8,8 AM,483,1731.07
2023,1,9,9 AM,471,1663.52
2023,1,10,10 AM,468,1668.18
2023,1,11,11 AM,438,1580.4
2023,1,12,12 PM,473,1642.12
2023,1,13,1 PM,486,1687.82
2023,1,14,2 PM,458,1587.63
2023,1,15,3 PM,455,1352.85
2023,1,16,4 PM,367,1310.45
2023,1,17,5 PM,444,1389.38
2023,1,18,6 PM,390,1278.38
2023,1,19,7 PM,352,1164.37
2023,1,20,8 PM,368,1156.38
2023,1,21,9 PM,375,1188.37
2023,1,22,10 PM,397,1221.4
2023,1,23,11 PM,404,1327.6
2023,2,0,12 AM,406,1287.35
2023,2,1,1 AM,490,1067.22
2023,2,2,2 AM,337,999.45
2023,2,3,3 AM,354,1073.15
2023,2,4,4 AM,407,1328.12
2023,2,5,5 AM,449,1521.22
2023,2,6,6 AM,449,1572.57
2023,2,7,7 AM,465,1659.73
2023,2,8,8 AM,431,1541.13
2023,2,9,9 AM,428,1547.07
2023,2,10,10 AM,452,1600.32
2023,2,11,11 AM,475,1669.03
2023,2,12,12 PM,459,1625.77
2023,2,13,1 PM,454,1592.58
2023,2,14,2 PM,486,1552.62
2023,2,15,3 PM,394,1279.32
2023,2,16,4 PM,330,1134.3
2023,2,17,5 PM,302,925.38
2023,2,18,6 PM,368,1131.67
2023,2,19,7 PM,374,1213.83
2023,2,20,8 PM,443,1312.47
2023,2,21,9 PM,476,1504.95
2023,2,22,10 PM,490,1506.57
2023,2,23,11 PM,446,1442.82
2023,3,0,12 AM,268,898.13
2023,3,1,1 AM,397,1284.77
2023,3,2,2 AM,479,1626.37
2023,3,3,3 AM,470,1651.42
2023,3,4,4 AM,495,1730.63
2023,3,5,5 AM,490,1691.98
2023,3,6,6 AM,503,1744.02
2023,3,7,7 AM,465,1625.8
2023,3,8,8 AM,458,1610.77
2023,3,9,9 AM,470,1643.27
2023,3,10,10 AM,518,1759.5
2023,3,11,11 AM,527,1581.23
2023,3,12,12 PM,281,926.88
2023,3,13,1 PM,312,953.13
2023,3,14,2 PM,274,797.53
2023,3,15,3 PM,241,754.12
2023,3,16,4 PM,224,782.08
2023,3,17,5 PM,199,723.12
2023,3,18,6 PM,205,683.77
2023,3,19,7 PM,229,721.87
2023,3,20,8 PM,389,1004.45
2023,3,21,9 PM,343,1033.55
2023,3,22,10 PM,303,966.52
2023,3,23,11 PM,367,1066.6
2023,4,0,12 AM,315,1019.28
2023,4,1,1 AM,448,1486.18
2023,4,2,2 AM,459,1636.87
2023,4,3,3 AM,474,1647.53
2023,4,4,4 AM,508,1757.73
2023,4,5,5 AM,487,1690.9
2023,4,6,6 AM,484,1683.75
2023,4,7,7 AM,473,1684.83
2023,4,8,8 AM,476,1667.72
2023,4,9,9 AM,467,1613.2
2023,4,10,10 AM,486,1665.03
2023,4,11,11 AM,511,1550.77
2023,4,12,12 PM,209,702.97
2023,4,13,1 PM,198,635.72
2023,4,14,2 PM,144,460.65
2023,4,15,3 PM,152,540.52
2023,4,16,4 PM,186,652.97
2023,4,17,5 PM,189,660.68
2023,4,18,6 PM,214,695.48
2023,4,19,7 PM,179,584.1
2023,4,20,8 PM,404,1051.33
2023,4,21,9 PM,405,1211.95
2023,4,22,10 PM,346,1024.05
2023,4,23,11 PM,300,951.4
2023,5,0,12 AM,396,1266.53
2023,5,1,1 AM,430,1428.47
2023,5,2,2 AM,509,1756.43
2023,5,3,3 AM,524,1829.7
2023,5,4,4 AM,513,1790.82
2023,5,5,5 AM,508,1808.35
2023,5,6,6 AM,534,1855.63
2023,5,7,7 AM,527,1855.6
2023,5,8,8 AM,510,1768.53
2023,5,9,9 AM,501,1735.5
2023,5,10,10 AM,519,1755.0
2023,5,11,11 AM,560,1626.43
2023,5,12,12 PM,155,500.73
2023,5,13,1 PM,152,487.6
2023,5,14,2 PM,172,572.27
2023,5,15,3 PM,130,436.82
2023,5,16,4 PM,134,432.6
2023,5,17,5 PM,104,317.52
2023,5,18,6 PM,124,379.03
2023,5,19,7 PM,122,405.82
2023,5,20,8 PM,354,932.17
2023,5,21,9 PM,357,1046.3
2023,5,22,10 PM,391,1244.18
2023,5,23,11 PM,397,1256.23
2023,6,0,12 AM,465,1531.13
2023,6,1,1 AM,475,1620.4
2023,6,2,2 AM,505,1727.72
2023,6,3,3 AM,494,1723.52
2023,6,4,4 AM,474,1681.32
2023,6,5,5 AM,488,1691.0
2023,6,6,6 AM,480,1697.32
2023,6,7,7 AM,487,1685.87
2023,6,8,8 AM,467,1631.77
2023,6,9,9 AM,464,1631.32
2023,6,10,10 AM,460,1599.02
2023,6,11,11 AM,696,1616.1
2023,6,12,12 PM,139,441.98
2023,6,13,1 PM,89,299.6
2023,6,14,2 PM,108,353.05
2023,6,15,3 PM,121,401.42
2023,6,16,4 PM,252,792.15
2023,6,17,5 PM,133,424.22
2023,6,18,6 PM,150,530.27
2023,6,19,7 PM,117,365.05
2023,6,20,8 PM,431,916.33
2023,6,21,9 PM,538,1430.88
2023,6,22,10 PM,441,1377.67
2023,6,23,11 PM,458,1524.23
2023,7,0,12 AM,416,1340.05
2023,7,1,1 AM,509,1636.43
2023,7,2,2 AM,497,1729.3
2023,7,3,3 AM,520,1789.5
2023,7,4,4 AM,508,1804.1
2023,7,5,5 AM,513,1802.87
2023,7,6,6 AM,512,1780.6
2023,7,7,7 AM,522,1817.75
2023,7,8,8 AM,512,1798.42
2023,7,9,9 AM,528,1823.32
2023,7,10,10 AM,532,1859.87
2023,7,11,11 AM,664,1763.72
2023,7,12,12 PM,187,615.97
2023,7,13,1 PM,172,577.95
2023,7,14,2 PM,166,589.85
2023,7,15,3 PM,162,578.97
2023,7,16,4 PM,186,635.78
2023,7,17,5 PM,134,465.8
2023,7,18,6 PM,176,498.93
2023,7,19,7 PM,173,550.12
2023,7,20,8 PM,318,806.18
2023,7,21,9 PM,554,1432.08
2023,7,22,10 PM,377,1221.68
2023,7,23,11 PM,406,1207.0
2023,8,0,12 AM,409,1334.1
2023,8,1,1 AM,461,1611.83
2023,8,2,2 AM,519,1804.13
2023,8,3,3 AM,522,1816.93
2023,8,4,4 AM,525,1855.18
2023,8,5,5 AM,524,1852.07
2023,8,6,6 AM,527,1856.3
2023,8,7,7 AM,526,1861.65
2023,8,8,8 AM,525,1856.65
2023,8,9,9 AM,531,1849.93
2023,8,10,10 AM,550,1874.05
2023,8,11,11 AM,751,1722.37
2023,8,12,12 PM,168,537.82
2023,8,13,1 PM,126,432.95
2023,8,14,2 PM,122,417.4
2023,8,15,3 PM,157,529.38
2023,8,16,4 PM,170,600.97
2023,8,17,5 PM,121,438.4
2023,8,18,6 PM,131,443.2
2023,8,19,7 PM,109,371.43
2023,8,20,8 PM,382,677.97
2023,8,21,9 PM,608,1479.18
2023,8,22,10 PM,388,1274.4
2023,8,23,11 PM,385,1265.27
2023,9,0,12 AM,494,1650.28
2023,9,1,1 AM,498,1726.27
2023,9,2,2 AM,517,1803.98
2023,9,3,3 AM,515,1793.45
2023,9,4,4 AM,508,1800.08
2023,9,5,5 AM,522,1801.18
2023,9,6,6 AM,506,1793.05
2023,9,7,7 AM,494,1733.52
2023,9,8,8 AM,489,1688.72
2023,9,9,9 AM,502,1754.27
2023,9,10,10 AM,497,1752.48
2023,9,11,11 AM,733,1693.97
2023,9,12,12 PM,146,486.18
2023,9,13,1 PM,119,422.05
2023,9,14,2 PM,135,416.47
2023,9,15,3 PM,146,527.47
2023,9,16,4 PM,183,659.08
2023,9,17,5 PM,152,567.27
2023,9,18,6 PM,148,525.8
2023,9,19,7 PM,142,467.12
2023,9,20,8 PM,270,625.77
2023,9,21,9 PM,558,1286.47
2023,9,22,10 PM,408,1337.67
2023,9,23,11 PM,438,1429.8
2023,10,0,12 AM,519,1735.97
2023,10,1,1 AM,507,1762.08
2023,10,2,2 AM,499,1746.22
2023,10,3,3 AM,507,1782.48
2023,10,4,4 AM,507,1805.3
2023,10,5,5 AM,508,1792.52
2023,10,6,6 AM,499,1762.95
2023,10,7,7 AM,509,1777.55
2023,10,8,8 AM,507,1792.52
2023,10,9,9 AM,520,1796.22
2023,10,10,10 AM,532,1864.65
2023,10,11,11 AM,747,1755.25
2023,10,12,12 PM,200,659.88
2023,10,13,1 PM,187,648.72
2023,10,14,2 PM,194,655.08
2023,10,15,3 PM,198,654.75
2023,10,16,4 PM,214,732.93
2023,10,17,5 PM,187,657.37
2023,10,18,6 PM,189,640.18
2023,10,19,7 PM,184,597.38
2023,10,20,8 PM,344,828.15
2023,10,21,9 PM,583,1478.75
2023,10,22,10 PM,423,1308.55
2023,10,23,11 PM,455,1455.43
2023,11,0,12 AM,381,1286.15
2023,11,1,1 AM,425,1416.23
2023,11,2,2 AM,457,1568.13
2023,11,3,3 AM,500,1733.87
2023,11,4,4 AM,498,1737.98
2023,11,5,5 AM,493,1734.83
2023,11,6,6 AM,498,1751.13
2023,11,7,7 AM,488,1725.78
2023,11,8,8 AM,507,1760.98
2023,11,9,9 AM,484,1701.85
2023,11,10,10 AM,496,1727.37
2023,11,11,11 AM,511,1758.75
2023,11,12,12 PM,526,1687.58
2023,11,13,1 PM,259,910.17
2023,11,14,2 PM,263,913.62
2023,11,15,3 PM,252,853.13
2023,11,16,4 PM,240,842.37
2023,11,17,5 PM,239,832.65
2023,11,18,6 PM,211,755.87
2023,11,19,7 PM,177,651.4
2023,11,20,8 PM,155,512.27
2023,11,21,9 PM,217,655.42
2023,11,22,10 PM,333,1011.1
2023,11,23,11 PM,353,1107.25
2023,12,0,12 AM,394,1302.7
2023,12,1,1 AM,411,1390.67
2023,12,2,2 AM,496,1700.07
2023,12,3,3 AM,548,1862.7
2023,12,4,4 AM,531,1858.28
2023,12,5,5 AM,529,1859.43
2023,12,6,6 AM,535,1858.05
2023,12,7,7 AM,538,1870.27
2023,12,8,8 AM,525,1808.45
2023,12,9,9 AM,534,1847.98
2023,12,10,10 AM,540,1863.78
2023,12,11,11 AM,537,1822.25
2023,12,12,12 PM,632,1787.3
2023,12,13,1 PM,251,854.37
2023,12,14,2 PM,244,835.05
2023,12,15,3 PM,230,791.62
2023,12,16,4 PM,242,820.85
2023,12,17,5 PM,236,809.85
2023,12,18,6 PM,236,768.82
2023,12,19,7 PM,203,678.0
2023,12,20,8 PM,198,685.52
2023,12,21,9 PM,339,950.87
2023,12,22,10 PM,471,1406.87
2023,12,23,11 PM,403,1400.82
2024,1,0,12 AM,293,1006.77
2024,1,1,1 AM,350,1173.37
2024,1,2,2 AM,449,1542.78
2024,1,3,3 AM,511,1836.8
2024,1,4,4 AM,530,1868.28
2024,1,5,5 AM,520,1851.23
2024,1,6,6 AM,521,1856.6
2024,1,7,7 AM,519,1844.5
2024,1,8,8 AM,512,1798.55
2024,1,9,9 AM,518,1808.62
2024,1,10,10 AM,540,1862.87
2024,1,11,11 AM,507,1774.65
2024,1,12,12 PM,695,1801.08
2024,1,13,1 PM,200,694.93
2024,1,14,2 PM,174,609.02
2024,1,15,3 PM,164,591.33
2024,1,16,4 PM,155,532.82
2024,1,17,5 PM,140,470.12
2024,1,18,6 PM,171,570.63
2024,1,19,7 PM,196,638.05
2024,1,20,8 PM,180,617.57
2024,1,21,9 PM,274,796.12
2024,1,22,10 PM,502,1407.9
2024,1,23,11 PM,363,1183.83
2024,2,0,12 AM,457,1530.92
2024,2,1,1 AM,456,1531.5
2024,2,2,2 AM,472,1630.22
2024,2,3,3 AM,485,1689.53
2024,2,4,4 AM,493,1731.35
2024,2,5,5 AM,491,1750.22
2024,2,6,6 AM,496,1739.82
2024,2,7,7 AM,489,1720.2
2024,2,8,8 AM,496,1705.97
2024,2,9,9 AM,491,1750.6
2024,2,10,10 AM,502,1722.02
2024,2,11,11 AM,490,1726.23
2024,2,12,12 PM,585,1600.17
2024,2,13,1 PM,149,500.83
2024,2,14,2 PM,134,452.57
2024,2,15,3 PM,127,418.5
2024,2,16,4 PM,116,405.35
2024,2,17,5 PM,111,385.67
2024,2,18,6 PM,96,352.42
2024,2,19,7 PM,81,275.18
2024,2,20,8 PM,92,292.13
2024,2,21,9 PM,213,506.7
2024,2,22,10 PM,594,1350.78
2024,2,23,11 PM,489,1513.85
2024,3,0,12 AM,502,1549.27
2024,3,1,1 AM,520,1689.95
2024,3,2,2 AM,511,1750.82
2024,3,3,3 AM,496,1730.83
2024,3,4,4 AM,480,1630.32
2024,3,5,5 AM,458,1581.2
2024,3,6,6 AM,444,1527.92
2024,3,7,7 AM,425,1489.87
2024,3,8,8 AM,434,1500.07
2024,3,9,9 AM,434,1517.18
2024,3,10,10 AM,473,1604.15
2024,3,11,11 AM,518,1663.25
2024,3,12,12 PM,313,982.87
2024,3,13,1 PM,190,603.85
2024,3,14,2 PM,167,517.92
2024,3,15,3 PM,119,377.73
2024,3,16,4 PM,95,307.88
2024,3,17,5 PM,84,270.45
2024,3,18,6 PM,82,227.4
2024,3,19,7 PM,63,190.52
2024,3,20,8 PM,182,431.07
2024,3,21,9 PM,422,1177.57
2024,3,22,10 PM,507,1552.67
2024,3,23,11 PM,520,1634.33
2024,4,0,12 AM,455,1439.35
2024,4,1,1 AM,465,1508.88
2024,4,2,2 AM,481,1611.93
2024,4,3,3 AM,419,1478.53
2024,4,4,4 AM,411,1435.77
2024,4,5,5 AM,420,1481.7
2024,4,6,6 AM,435,1497.28
2024,4,7,7 AM,418,1443.02
2024,4,8,8 AM,416,1420.38
2024,4,9,9 AM,422,1437.43
2024,4,10,10 AM,472,1588.67
2024,4,11,11 AM,460,1419.03
2024,4,12,12 PM,135,436.12
2024,4,13,1 PM,147,413.33
2024,4,14,2 PM,117,270.55
2024,4,15,3 PM,102,272.28
2024,4,16,4 PM,120,336.92
2024,4,17,5 PM,96,270.78
2024,4,18,6 PM,75,154.9
2024,4,19,7 PM,58,167.95
2024,4,20,8 PM,232,429.75
2024,4,21,9 PM,374,1126.38
2024,4,22,10 PM,403,1228.42
2024,4,23,11 PM,441,1304.1
2024,5,0,12 AM,421,1335.68
2024,5,1,1 AM,525,1785.7
2024,5,2,2 AM,528,1870.53
2024,5,3,3 AM,529,1850.28
2024,5,4,4 AM,526,1863.13
2024,5,5,5 AM,503,1795.22
2024,5,6,6 AM,499,1766.42
2024,5,7,7 AM,479,1682.32
2024,5,8,8 AM,496,1739.42
2024,5,9,9 AM,493,1734.22
2024,5,10,10 AM,518,1788.93
2024,5,11,11 AM,575,1737.75
2024,5,12,12 PM,247,788.48
2024,5,13,1 PM,297,786.22
2024,5,14,2 PM,254,627.87
2024,5,15,3 PM,159,464.45
2024,5,16,4 PM,160,435.28
2024,5,17,5 PM,143,314.68
2024,5,18,6 PM,176,484.52
2024,5,19,7 PM,199,564.43
2024,5,20,8 PM,276,672.43
2024,5,21,9 PM,460,1158.27
2024,5,22,10 PM,387,1123.65
2024,5,23,11 PM,395,1208.95
2024,6,0,12 AM,451,1421.9
2024,6,1,1 AM,497,1612.02
2024,6,2,2 AM,525,1788.23
2024,6,3,3 AM,514,1744.22
2024,6,4,4 AM,490,1662.72
2024,6,5,5 AM,432,1481.15
2024,6,6,6 AM,399,1383.13
2024,6,7,7 AM,400,1362.12
2024,6,8,8 AM,384,1320.2
2024,6,9,9 AM,398,1384.23
2024,6,10,10 AM,474,1635.7
2024,6,11,11 AM,535,1636.48
2024,6,12,12 PM,256,841.42
2024,6,13,1 PM,275,824.38
2024,6,14,2 PM,257,806.82
2024,6,15,3 PM,202,557.17
2024,6,16,4 PM,162,419.27
2024,6,17,5 PM,98,264.93
2024,6,18,6 PM,202,464.95
2024,6,19,7 PM,185,505.3
2024,6,20,8 PM,260,592.17
2024,6,21,9 PM,271,831.65
2024,6,22,10 PM,358,1096.17
2024,6,23,11 PM,408,1242.08
2024,7,0,12 AM,382,1104.3
2024,7,1,1 AM,478,1577.47
2024,7,2,2 AM,518,1800.78
2024,7,3,3 AM,527,1846.3
2024,7,4,4 AM,537,1866.33
2024,7,5,5 AM,516,1812.97
2024,7,6,6 AM,518,1790.35
2024,7,7,7 AM,504,1769.67
2024,7,8,8 AM,494,1730.75
2024,7,9,9 AM,495,1743.53
2024,7,10,10 AM,532,1821.62
2024,7,11,11 AM,562,1805.03
2024,7,12,12 PM,243,775.02
2024,7,13,1 PM,234,784.17
2024,7,14,2 PM,241,782.15
2024,7,15,3 PM,233,647.38
2024,7,16,4 PM,132,375.55
2024,7,17,5 PM,82,257.25
2024,7,18,6 PM,138,410.45
2024,7,19,7 PM,159,473.25
2024,7,20,8 PM,246,601.07
2024,7,21,9 PM,255,788.23
2024,7,22,10 PM,278,816.52
2024,7,23,11 PM,291,845.13
2024,8,0,12 AM,502,1508.58
2024,8,1,1 AM,551,1806.98
2024,8,2,2 AM,525,1802.42
2024,8,3,3 AM,522,1791.45
2024,8,4,4 AM,489,1699.37
2024,8,5,5 AM,471,1612.78
2024,8,6,6 AM,440,1536.32
2024,8,7,7 AM,417,1450.7
2024,8,8,8 AM,423,1490.87
2024,8,9,9 AM,462,1590.55
2024,8,10,10 AM,488,1681.1
2024,8,11,11 AM,677,1733.17
2024,8,12,12 PM,443,1451.83
2024,8,13,1 PM,403,1329.88
2024,8,14,2 PM,359,1195.73
2024,8,15,3 PM,350,1127.02
2024,8,16,4 PM,362,1149.37
2024,8,17,5 PM,373,1239.88
2024,8,18,6 PM,311,992.13
2024,8,19,7 PM,293,899.8
2024,8,20,8 PM,374,1208.72
2024,8,21,9 PM,586,1223.65
2024,8,22,10 PM,370,1133.48
2024,8,23,11 PM,463,1410.62
2024,9,0,12 AM,541,1809.18
2024,9,1,1 AM,518,1772.7
2024,9,2,2 AM,509,1804.65
2024,9,3,3 AM,515,1843.75
2024,9,4,4 AM,519,1824.02
2024,9,5,5 AM,468,1655.75
2024,9,6,6 AM,473,1669.25
2024,9,7,7 AM,466,1653.73
2024,9,8,8 AM,452,1624.0
2024,9,9,9 AM,462,1605.17
2024,9,10,10 AM,488,1735.5
2024,9,11,11 AM,610,1723.27
2024,9,12,12 PM,517,1684.78
2024,9,13,1 PM,482,1612.38
2024,9,14,2 PM,459,1566.5
2024,9,15,3 PM,452,1475.4
2024,9,16,4 PM,504,1558.53
2024,9,17,5 PM,461,1545.98
2024,9,18,6 PM,451,1583.38
2024,9,19,7 PM,442,1484.68
2024,9,20,8 PM,411,1399.85
2024,9,21,9 PM,600,1322.82
2024,9,22,10 PM,488,1624.82
2024,9,23,11 PM,567,1768.8
2024,10,0,12 AM,507,1630.07
2024,10,1,1 AM,497,1714.05
2024,10,2,2 AM,492,1707.23
2024,10,3,3 AM,472,1685.1
2024,10,4,4 AM,492,1703.33
2024,10,5,5 AM,489,1703.87
2024,10,6,6 AM,503,1744.92
2024,10,7,7 AM,494,1738.75
2024,10,8,8 AM,496,1741.83
2024,10,9,9 AM,512,1779.32
2024,10,10,10 AM,543,1815.02
2024,10,11,11 AM,758,1728.73
2024,10,12,12 PM,499,1668.48
2024,10,13,1 PM,509,1725.17
2024,10,14,2 PM,519,1653.03
2024,10,15,3 PM,487,1625.95
2024,10,16,4 PM,426,1446.43
2024,10,17,5 PM,444,1447.1
2024,10,18,6 PM,455,1530.8
2024,10,19,7 PM,451,1504.33
2024,10,20,8 PM,459,1519.12
2024,10,21,9 PM,667,1302.03
2024,10,22,10 PM,486,1565.38
2024,10,23,11 PM,529,1663.95
2024,11,0,12 AM,532,1754.33
2024,11,1,1 AM,533,1792.53
2024,11,2,2 AM,543,1864.67
2024,11,3,3 AM,554,1906.02
2024,11,4,4 AM,542,1891.32
2024,11,5,5 AM,511,1814.28
2024,11,6,6 AM,493,1711.45
2024,11,7,7 AM,485,1669.05
2024,11,8,8 AM,473,1684.3
2024,11,9,9 AM,492,1698.28
2024,11,10,10 AM,517,1784.65
2024,11,11,11 AM,502,1750.6
2024,11,12,12 PM,625,1653.2
2024,11,13,1 PM,511,1726.87
2024,11,14,2 PM,522,1775.57
2024,11,15,3 PM,554,1704.12
2024,11,16,4 PM,527,1554.05
2024,11,17,5 PM,454,1514.18
2024,11,18,6 PM,449,1491.73
2024,11,19,7 PM,450,1546.67
2024,11,20,8 PM,486,1560.88
2024,11,21,9 PM,456,1502.27
2024,11,22,10 PM,633,1467.92
2024,11,23,11 PM,510,1672.9
2024,12,0,12 AM,464,1575.72
2024,12,1,1 AM,510,1666.77
2024,12,2,2 AM,548,1860.03
2024,12,3,3 AM,531,1861.98
2024,12,4,4 AM,502,1748.63
2024,12,5,5 AM,493,1681.92
2024,12,6,6 AM,494,1687.12
2024,12,7,7 AM,489,1700.37
2024,12,8,8 AM,516,1772.13
2024,12,9,9 AM,538,1844.52
2024,12,10,10 AM,523,1823.12
2024,12,11,11 AM,536,1846.37
2024,12,12,12 PM,592,1761.77
2024,12,13,1 PM,412,1360.5
2024,12,14,2 PM,422,1530.63
2024,12,15,3 PM,441,1520.88
2024,12,16,4 PM,429,1481.15
2024,12,17,5 PM,325,1195.38
2024,12,18,6 PM,331,1188.25
2024,12,19,7 PM,343,1144.75
2024,12,20,8 PM,358,1107.08
2024,12,21,9 PM,342,1136.92
2024,12,22,10 PM,554,1389.48
2024,12,23,11 PM,430,1537.47
2025,1,0,12 AM,522,1733.57
2025,1,1,1 AM,527,1803.57
2025,1,2,2 AM,544,1813.48
2025,1,3,3 AM,529,1816.43
2025,1,4,4 AM,526,1853.92
2025,1,5,5 AM,523,1846.25
2025,1,6,6 AM,524,1857.05
2025,1,7,7 AM,524,1861.93
2025,1,8,8 AM,533,1883.65
2025,1,9,9 AM,517,1833.78
2025,1,10,10 AM,525,1858.65
2025,1,11,11 AM,518,1858.98
2025,1,12,12 PM,566,1790.38
2025,1,13,1 PM,439,1464.85
2025,1,14,2 PM,484,1731.4
2025,1,15,3 PM,469,1750.53
2025,1,16,4 PM,476,1685.2
2025,1,17,5 PM,497,1580.1
2025,1,18,6 PM,442,1528.1
2025,1,19,7 PM,442,1571.25
2025,1,20,8 PM,400,1362.65
2025,1,21,9 PM,378,1285.53
2025,1,22,10 PM,434,1371.82
2025,1,23,11 PM,446,1592.18
2025,2,0,12 AM,444,1552.63
2025,2,1,1 AM,485,1642.77
2025,2,2,2 AM,493,1709.37
2025,2,3,3 AM,484,1692.57
2025,2,4,4 AM,484,1714.37
2025,2,5,5 AM,492,1725.2
2025,2,6,6 AM,500,1735.85
2025,2,7,7 AM,478,1714.38
2025,2,8,8 AM,465,1642.8
2025,2,9,9 AM,469,1660.88
2025,2,10,10 AM,474,1679.8
2025,2,11,11 AM,476,1640.08
2025,2,12,12 PM,553,1571.8
2025,2,13,1 PM,404,1389.97
2025,2,14,2 PM,453,1530.98
2025,2,15,3 PM,407,1369.72
2025,2,16,4 PM,413,1392.27
2025,2,17,5 PM,360,1119.67
2025,2,18,6 PM,410,1339.98
2025,2,19,7 PM,403,1358.38
2025,2,20,8 PM,332,1071.35
2025,2,21,9 PM,345,1142.48
2025,2,22,10 PM,424,1321.85
2025,2,23,11 PM,438,1509.63
2025,3,0,12 AM,540,1694.88
2025,3,1,1 AM,518,1778.67
2025,3,2,2 AM,500,1769.35
2025,3,3,3 AM,522,1870.37
2025,3,4,4 AM,497,1803.5
2025,3,5,5 AM,483,1707.08
2025,3,6,6 AM,455,1629.47
2025,3,7,7 AM,431,1554.67
2025,3,8,8 AM,435,1547.78
2025,3,9,9 AM,419,1499.82
2025,3,10,10 AM,462,1602.68
2025,3,11,11 AM,533,1697.13
2025,3,12,12 PM,494,1656.7
2025,3,13,1 PM,465,1631.2
2025,3,14,2 PM,477,1678.37
2025,3,15,3 PM,494,1641.88
2025,3,16,4 PM,498,1431.32
2025,3,17,5 PM,503,1570.45
2025,3,18,6 PM,461,1564.38
2025,3,19,7 PM,471,1597.22
2025,3,20,8 PM,457,1536.68
2025,3,21,9 PM,441,1417.22
2025,3,22,10 PM,516,1740.63
2025,3,23,11 PM,517,1657.83
2025,4,0,12 AM,496,1647.43
2025,4,1,1 AM,559,1757.42
2025,4,2,2 AM,499,1731.38
2025,4,3,3 AM,492,1734.47
2025,4,4,4 AM,489,1727.38
2025,4,5,5 AM,497,1757.5
2025,4,6,6 AM,473,1679.75
2025,4,7,7 AM,470,1683.7
2025,4,8,8 AM,474,1669.52
2025,4,9,9 AM,442,1570.52
2025,4,10,10 AM,504,1728.63
2025,4,11,11 AM,547,1705.37
2025,4,12,12 PM,416,1403.83
2025,4,13,1 PM,417,1421.25
2025,4,14,2 PM,384,1309.68
2025,4,15,3 PM,377,1278.53
2025,4,16,4 PM,507,1327.35
2025,4,17,5 PM,406,1286.62
2025,4,18,6 PM,419,1462.17
2025,4,19,7 PM,470,1562.33
2025,4,20,8 PM,456,1637.98
2025,4,21,9 PM,494,1446.62
2025,4,22,10 PM,474,1627.67
2025,4,23,11 PM,477,1643.15
2025,5,0,12 AM,335,1260.78
2025,5,1,1 AM,407,1421.83
2025,5,2,2 AM,455,1612.78
2025,5,3,3 AM,449,1632.07
2025,5,4,4 AM,461,1628.93
2025,5,5,5 AM,447,1572.97
2025,5,6,6 AM,476,1651.38
2025,5,7,7 AM,469,1644.13
2025,5,8,8 AM,425,1512.37
2025,5,9,9 AM,436,1540.5
2025,5,10,10 AM,492,1717.07
2025,5,11,11 AM,519,1663.03
2025,5,12,12 PM,434,1474.25
2025,5,13,1 PM,418,1440.48
2025,5,14,2 PM,435,1506.85
2025,5,15,3 PM,421,1372.3
2025,5,16,4 PM,409,1228.78
2025,5,17,5 PM,371,1203.13
2025,5,18,6 PM,413,1420.4
2025,5,19,7 PM,390,1297.98
2025,5,20,8 PM,328,1100.15
2025,5,21,9 PM,458,1149.55
2025,5,22,10 PM,403,1303.4
2025,5,23,11 PM,405,1257.37
2025,6,0,12 AM,446,1532.2
2025,6,1,1 AM,516,1628.07
2025,6,2,2 AM,462,1707.23
2025,6,3,3 AM,473,1614.68
2025,6,4,4 AM,506,1581.03
2025,6,5,5 AM,467,1623.92
2025,6,6,6 AM,464,1634.05
2025,6,7,7 AM,454,1612.08
2025,6,8,8 AM,451,1624.02
2025,6,9,9 AM,468,1649.87
2025,6,10,10 AM,499,1752.08
2025,6,11,11 AM,505,1565.45
2025,6,12,12 PM,408,1407.18
2025,6,13,1 PM,404,1449.23
2025,6,14,2 PM,444,1532.88
2025,6,15,3 PM,454,1606.87
2025,6,16,4 PM,521,1374.8
2025,6,17,5 PM,351,1266.03
2025,6,18,6 PM,428,1470.3
2025,6,19,7 PM,369,1327.32
2025,6,20,8 PM,364,1332.28
2025,6,21,9 PM,436,1317.33
2025,6,22,10 PM,423,1468.02
2025,6,23,11 PM,432,1529.17
2025,7,0,12 AM,546,1826.13
2025,7,1,1 AM,636,1907.75
2025,7,2,2 AM,534,1832.92
2025,7,3,3 AM,528,1854.68
2025,7,4,4 AM,515,1829.53
2025,7,5,5 AM,488,1754.58
2025,7,6,6 AM,482,1727.78
2025,7,7,7 AM,487,1723.28
2025,7,8,8 AM,489,1731.77
2025,7,9,9 AM,465,1674.13
2025,7,10,10 AM,486,1724.87
2025,7,11,11 AM,612,1757.28
2025,7,12,12 PM,516,1608.7
2025,7,13,1 PM,442,1488.93
2025,7,14,2 PM,500,1566.93
2025,7,15,3 PM,523,1604.07
2025,7,16,4 PM,571,1445.47
2025,7,17,5 PM,485,1679.33
2025,7,18,6 PM,528,1731.88
2025,7,19,7 PM,531,1698.83
2025,7,20,8 PM,462,1670.55
2025,7,21,9 PM,498,1605.33
2025,7,22,10 PM,537,1780.32
2025,7,23,11 PM,543,1795.17
2025,8,0,12 AM,480,1830.57
2025,8,1,1 AM,518,1858.47
2025,8,2,2 AM,503,1828.83
2025,8,3,3 AM,496,1778.73
2025,8,4,4 AM,500,1819.15
2025,8,5,5 AM,497,1780.48
2025,8,6,6 AM,495,1789.8
2025,8,7,7 AM,493,1799.05
2025,8,8,8 AM,465,1681.13
2025,8,9,9 AM,445,1609.57
2025,8,10,10 AM,475,1691.08
2025,8,11,11 AM,549,1785.98
2025,8,12,12 PM,436,1457.87
2025,8,13,1 PM,461,1598.2
2025,8,14,2 PM,441,1524.17
2025,8,15,3 PM,483,1472.7
2025,8,16,4 PM,538,1402.62
2025,8,17,5 PM,380,1345.97
2025,8,18,6 PM,442,1576.58
2025,8,19,7 PM,444,1566.6
2025,8,20,8 PM,430,1583.07
2025,8,21,9 PM,498,1530.45
2025,8,22,10 PM,499,1703.2
2025,8,23,11 PM,517,1764.82
2025,9,0,12 AM,556,1738.93
2025,9,1,1 AM,647,1653.33
2025,9,2,2 AM,500,1694.92
2025,9,3,3 AM,493,1765.4
2025,9,4,4 AM,481,1718.45
2025,9,5,5 AM,490,1746.2
2025,9,6,6 AM,487,1738.93
2025,9,7,7 AM,498,1796.4
2025,9,8,8 AM,493,1735.82
2025,9,9,9 AM,470,1684.6
2025,9,10,10 AM,484,1693.15
2025,9,11,11 AM,552,1741.92
2025,9,12,12 PM,451,1539.28
2025,9,13,1 PM,444,1496.08
2025,9,14,2 PM,471,1552.77
2025,9,15,3 PM,445,1519.78
2025,9,16,4 PM,463,1203.63
2025,9,17,5 PM,495,1534.35
2025,9,18,6 PM,486,1632.6
2025,9,19,7 PM,428,1450.52
2025,9,20,8 PM,401,1337.17
2025,9,21,9 PM,466,1331.77
2025,9,22,10 PM,473,1550.35
2025,9,23,11 PM,603,1738.28
2025,10,0,12 AM,422,1251.9
2025,10,1,1 AM,445,1387.62
2025,10,2,2 AM,449,1569.82
2025,10,3,3 AM,470,1659.63
2025,10,4,4 AM,477,1689.4
2025,10,5,5 AM,460,1608.92
2025,10,6,6 AM,455,1577.65
2025,10,7,7 AM,495,1730.52
2025,10,8,8 AM,481,1658.47
2025,10,9,9 AM,466,1654.12
2025,10,10,10 AM,472,1684.9
2025,10,11,11 AM,645,1855.43
2025,10,12,12 PM,469,1550.53
2025,10,13,1 PM,430,1480.7
2025,10,14,2 PM,400,1356.5
2025,10,15,3 PM,387,1217.95
2025,10,16,4 PM,350,925.1
2025,10,17,5 PM,405,1132.15
2025,10,18,6 PM,378,1195.57
2025,10,19,7 PM,337,1092.63
2025,10,20,8 PM,325,1008.47
2025,10,21,9 PM,585,1128.35
2025,10,22,10 PM,420,1186.3
2025,10,23,11 PM,397,1154.67
2025,11,0,12 AM,377,1386.07
2025,11,1,1 AM,413,1548.62
2025,11,2,2 AM,454,1656.73
2025,11,3,3 AM,490,1747.53
2025,11,4,4 AM,504,1793.83
2025,11,5,5 AM,510,1789.3
2025,11,6,6 AM,505,1811.57
2025,11,7,7 AM,507,1797.58
2025,11,8,8 AM,504,1804.58
2025,11,9,9 AM,519,1805.47
2025,11,10,10 AM,503,1788.58
2025,11,11,11 AM,507,1798.8
2025,11,12,12 PM,701,1716.45
2025,11,13,1 PM,372,1384.17
2025,11,14,2 PM,387,1405.2
2025,11,15,3 PM,409,1453.95
2025,11,16,4 PM,374,1396.13
2025,11,17,5 PM,357,1351.32
2025,11,18,6 PM,376,1378.58
2025,11,19,7 PM,354,1253.7
2025,11,20,8 PM,349,1286.37
2025,11,21,9 PM,349,1304.7
2025,11,22,10 PM,691,1333.43
2025,11,23,11 PM,401,1364.42
2025,12,0,12 AM,408,1560.95
2025,12,1,1 AM,450,1679.25
2025,12,2,2 AM,415,1644.72
2025,12,3,3 AM,475,1796.47
2025,12,4,4 AM,492,1761.67
2025,12,5,5 AM,516,1814.8
2025,12,6,6 AM,494,1798.15
2025,12,7,7 AM,486,1722.77
2025,12,8,8 AM,461,1677.5
2025,12,9,9 AM,488,1763.77
2025,12,10,10 AM,499,1814.1
2025,12,11,11 AM,502,1796.72
2025,12,12,12 PM,553,1742.3
2025,12,13,1 PM,417,1589.37
2025,12,14,2 PM,404,1527.35
2025,12,15,3 PM,364,1403.3
2025,12,16,4 PM,380,1433.58
2025,12,17,5 PM,396,1375.4
2025,12,18,6 PM,423,1511.62
2025,12,19,7 PM,384,1420.63
2025,12,20,8 PM,377,1345.35
2025,12,21,9 PM,355,1242.17
2025,12,22,10 PM,575,1451.0
2025,12,23,11 PM,361,1398.63
2026,1,0,12 AM,351,1402.37
2026,1,1,1 AM,366,1544.6
2026,1,2,2 AM,384,1608.65
2026,1,3,3 AM,404,1607.65
2026,1,4,4 AM,434,1692.7
2026,1,5,5 AM,443,1775.78
2026,1,6,6 AM,445,1765.48
2026,1,7,7 AM,446,1734.33
2026,1,8,8 AM,446,1717.55
2026,1,9,9 AM,466,1836.3
2026,1,10,10 AM,462,1855.47
2026,1,11,11 AM,453,1817.8
2026,1,12,12 PM,535,1759.03
2026,1,13,1 PM,436,1592.83
2026,1,14,2 PM,381,1465.22
2026,1,15,3 PM,371,1478.67
2026,1,16,4 PM,410,1405.8
2026,1,17,5 PM,465,1362.73
2026,1,18,6 PM,407,1542.63
2026,1,19,7 PM,342,1378.07
2026,1,20,8 PM,375,1489.33
2026,1,21,9 PM,391,1521.1
2026,1,22,10 PM,474,1576.18
2026,1,23,11 PM,353,1394.32
2026,2,0,12 AM,360,1537.97
2026,2,1,1 AM,373,1498.67
2026,2,2,2 AM,323,1345.37
2026,2,3,3 AM,372,1544.47
2026,2,4,4 AM,411,1659.95
2026,2,5,5 AM,404,1640.03
2026,2,6,6 AM,407,1675.83
2026,2,7,7 AM,402,1651.35
2026,2,8,8 AM,395,1605.95
2026,2,9,9 AM,378,1582.93
2026,2,10,10 AM,383,1575.02
2026,2,11,11 AM,397,1565.78
2026,2,12,12 PM,485,1505.9
2026,2,13,1 PM,369,1467.82
2026,2,14,2 PM,379,1508.37
2026,2,15,3 PM,329,1276.15
2026,2,16,4 PM,332,1280.03
2026,2,17,5 PM,316,1228.03
2026,2,18,6 PM,324,1282.45
2026,2,19,7 PM,295,1136.67
2026,2,20,8 PM,334,1291.87
2026,2,21,9 PM,299,1193.2
2026,2,22,10 PM,556,1333.15
2026,2,23,11 PM,340,1407.28
2026,3,0,12 AM,296,1127.65
2026,3,1,1 AM,303,1095.13
2026,3,2,2 AM,409,1530.87
2026,3,3,3 AM,444,1742.83
2026,3,4,4 AM,446,1725.67
2026,3,5,5 AM,425,1665.08
2026,3,6,6 AM,413,1600.7
2026,3,7,7 AM,403,1632.42
2026,3,8,8 AM,406,1585.03
2026,3,9,9 AM,386,1509.77
2026,3,10,10 AM,414,1616.8
2026,3,11,11 AM,511,1507.2
2026,3,12,12 PM,331,1218.27
2026,3,13,1 PM,302,1184.13
2026,3,14,2 PM,344,1208.73
2026,3,15,3 PM,337,1195.6
2026,3,16,4 PM,287,1017.38
2026,3,17,5 PM,319,1102.57
2026,3,18,6 PM,371,1344.22
2026,3,19,7 PM,331,1261.4
2026,3,20,8 PM,329,1241.9
2026,3,21,9 PM,489,1274.47
2026,3,22,10 PM,410,1194.88
2026,3,23,11 PM,346,1268.95
2026,4,0,12 AM,330,1203.07
2026,4,1,1 AM,408,1445.73
2026,4,2,2 AM,492,1695.53
2026,4,3,3 AM,487,1738.15
2026,4,4,4 AM,473,1663.1
2026,4,5,5 AM,470,1645.82
2026,4,6,6 AM,456,1603.33
2026,4,7,7 AM,444,1616.08
2026,4,8,8 AM,450,1607.52
2026,4,9,9 AM,438,1572.83
2026,4,10,10 AM,468,1655.18
2026,4,11,11 AM,532,1614.45
2026,4,12,12 PM,359,1242.22
2026,4,13,1 PM,358,1217.35
2026,4,14,2 PM,392,1357.38
2026,4,15,3 PM,416,1372.47
2026,4,16,4 PM,341,1165.47
2026,4,17,5 PM,374,1310.78
2026,4,18,6 PM,414,1467.48
2026,4,19,7 PM,367,1285.23
2026,4,20,8 PM,335,1116.3
2026,4,21,9 PM,552,1356.52
2026,4,22,10 PM,290,1000.2
2026,4,23,11 PM,280,996.67
2026,5,0,12 AM,237,811.0
2026,5,1,1 AM,351,1194.52
2026,5,2,2 AM,438,1463.55
2026,5,3,3 AM,426,1493.17
2026,5,4,4 AM,446,1535.77
2026,5,5,5 AM,432,1522.23
2026,5,6,6 AM,411,1448.9
2026,5,7,7 AM,392,1378.78
2026,5,8,8 AM,390,1381.35
2026,5,9,9 AM,375,1325.48
2026,5,10,10 AM,395,1414.35
2026,5,11,11 AM,505,1469.67
2026,5,12,12 PM,374,1298.6
2026,5,13,1 PM,384,1355.67
2026,5,14,2 PM,384,1316.28
2026,5,15,3 PM,328,1106.37
2026,5,16,4 PM,279,934.35
2026,5,17,5 PM,248,862.87
2026,5,18,6 PM,278,918.25
2026,5,19,7 PM,297,1072.53
2026,5,20,8 PM,270,939.25
2026,5,21,9 PM,525,1067.58
2026,5,22,10 PM,226,775.37
2026,5,23,11 PM,208,704.37
